Workbook

Sheet BOM
A1: AeroScout X450 - Bill of Materials (parts modelled in SolidWorks)
A2: Blue = typed-in value (change it if you weigh the real part). Green = pulled from another sheet. Yellow rows = verify before buying.
A4: # | B4: CAD file (parts folder) | C4: Part | D4: Real part to buy / spec | E4: Qty | F4: Dimensions (mm) | G4: Unit mass (g) | H4: Total mass (g) | I4: Mass source | J4: Status | K4: Notes
A5: 1 | B5: bottom_plate.SLDPRT | C5: Bottom plate | D5: Custom 3 mm carbon fibre sheet, CNC cut to the CAD drawing (110 x 110, 10 mm corners) | E5: 1 | F5: 110 x 110 x 3 | G5: ='Frame Calc'!D9 -> 56.895887 | H5: =E5*G5 -> 56.895887 | I5: Computed (Frame Calc) | J5: OK | K5: Holes: flight-controller, arm, standoff and battery-post patterns.
A6: 2 | B6: arm.SLDPRT | C6: Arm | D6: Custom 4 mm carbon fibre sheet, CNC cut (200 x 30, rounded ends) | E6: 4 | F6: 200 x 30 x 4 | G6: ='Frame Calc'!D12 -> 36.288671 | H6: =E6*G6 -> 145.15468 | I6: Computed (Frame Calc) | J6: OK | K6: Holes for motor, 2 plate bolts and the landing-leg screw.
A7: 3 | B7: clamp_plate.SLDPRT | C7: Clamp plate | D7: Custom 3 mm carbon fibre sheet, CNC cut | E7: 1 | F7: 110 x 110 x 3 | G7: ='Frame Calc'!D10 -> 55.542338 | H7: =E7*G7 -> 55.542338 | I7: Computed (Frame Calc) | J7: OK | K7: Clamps the arms onto the bottom plate.
A8: 4 | B8: top_plate.SLDPRT | C8: Top plate | D8: Custom 3 mm carbon fibre sheet, CNC cut | E8: 1 | F8: 110 x 110 x 3 | G8: ='Frame Calc'!D11 -> 55.542338 | H8: =E8*G8 -> 55.542338 | I8: Computed (Frame Calc) | J8: OK | K8: Carries the Jetson.
A9: 5 | B9: standoff.SLDPRT | C9: Standoff 30 mm | D9: M3 round spacer, 30 mm long, 7 mm OD | E9: 4 | F9: OD 7 x ID 3.2 x 30 | G9: ='Frame Calc'!D13 -> 0.9315262 | H9: =E9*G9 -> 3.7261048 | I9: Computed (Frame Calc) | J9: OK | K9: Clamp plate to top plate.
A10: 6 | B10: post_35.SLDPRT | C10: Battery tray post 32 mm | D10: M3 spacer 32 mm (or 30 mm spacer + washers) | E10: 4 | F10: OD 7 x ID 3.2 x 32 | G10: ='Frame Calc'!D14 -> 0.99362795 | H10: =E10*G10 -> 3.9745118 | I10: Computed (Frame Calc) | J10: VERIFY | K10: File is still named post_35 but is 32 mm long. 32 mm spacers are less common; check the shop.
A11: 7 | B11: battery_tray.SLDPRT | C11: Battery tray | D11: Custom 3 mm carbon fibre sheet, CNC cut | E11: 1 | F11: 150 x 90 x 3 | G11: ='Frame Calc'!D15 -> 64.645584 | H11: =E11*G11 -> 64.645584 | I11: Computed (Frame Calc) | J11: OK | K11: Hangs under the bottom plate on the posts.
A12: 8 | B12: motor_2212_920kv.SLDPRT | C12: Motor | D12: 2212 920KV brushless motor (cross pattern M3 mount, 16 x 19 mm) | E12: 4 | F12: dia 27.7 x 30 | G12: 52 | H12: =E12*G12 -> 208 | I12: CAD override (typical) | J12: VERIFY | K12: Real mass varies by brand (roughly 50-60 g). Check the datasheet of the motor you buy. Spin direction: 2 CW, 2 CCW.
A13: 9 | B13: propeller_1045.SLDPRT | C13: Propeller | D13: 10 x 4.5 inch, 2 blade, 6 mm centre hole (2 CW + 2 CCW pairs) | E13: 4 | F13: 254 dia, 4.5 in pitch | G13: 13 | H13: =E13*G13 -> 52 | I13: CAD override | J13: VERIFY | K13: A vendor page lists about 12 g per prop. CAD uses 13 g (4 g total difference). The hub needs an adapter that fits your motor shaft.
A14: 10 | B14: battery_tattu_4s5200.SLDPRT | C14: Battery | D14: Tattu 4S 5200 mAh LiPo (or equivalent 134 x 44 x 32 mm pack) | E14: 1 | F14: 134 x 44 x 32 | G14: 430 | H14: =E14*G14 -> 430 | I14: CAD override (earlier web check) | J14: OK | K14: Always check the exact pack you buy; sizes vary between brands.
A15: 11 | B15: esc_speedybee_55a.SLDPRT | C15: ESC | D15: SpeedyBee 55A 4-in-1 ESC, 30.5 x 30.5 mm hole pattern | E15: 1 | F15: 45.6 x 44 x 8 | G15: 23.5 | H15: =E15*G15 -> 23.5 | I15: CAD override | J15: OK | K15: 4 holes at +/-15.25 mm.
A16: 12 | B16: pixhawk_6c_mini.SLDPRT | C16: Flight controller | D16: Holybro Pixhawk 6C Mini | E16: 1 | F16: 53.3 x 39 x 16.2 | G16: 39.2 | H16: =E16*G16 -> 39.2 | I16: CAD override (earlier web check) | J16: VERIFY | K16: Mounting-hole pattern not confirmed. Check Holybro's drawing before drilling holes in the plate.
A17: 13 | B17: jetson_orin_nano_devkit.SLDPRT | C17: Companion computer | D17: NVIDIA Jetson Orin Nano Developer Kit | E17: 1 | F17: CAD block 100 x 79 x 21 | G17: 174 | H17: =E17*G17 -> 174 | I17: CAD override (kit weighs 0.175 kg per NVIDIA spec) | J17: VERIFY | K17: NVIDIA lists the carrier board as 100 x 79 mm and a kit envelope of 103 x 90.5 x 34.77 mm. Hole pattern not confirmed, so the CAD block has no holes. Confirm from NVIDIA's mechanical drawing.
A18: 14 | B18: camera_imx219.SLDPRT | C18: Camera | D18: Raspberry Pi Camera Module 2 style (Sony IMX219) board | E18: 1 | F18: 25 x 24 x 9 | G18: 4 | H18: =E18*G18 -> 4 | I18: CAD override (approximate) | J18: VERIFY | K18: Size and mass are approximate and not checked against a datasheet. Verify against the exact camera you buy.
A19: 15 | B19: camera_mount.SLDPRT | C19: Camera mount | D19: 3D printed ABS or PETG, slips over the front standoff | E19: 1 | F19: collar dia 14, wall 9 x 30 x 25 | G19: ='Frame Calc'!D17 -> 7.8094765 | H19: =E19*G19 -> 7.8094765 | I19: Computed (Frame Calc) | J19: OK | K19: Print file can be exported from SolidWorks as STL.
A20: 16 | B20: landing_leg.SLDPRT | C20: Landing leg | D20: Carbon tube OD 10 (or printed), 90 mm, with a screw channel | E20: 4 | F20: OD 10 x 90 | G20: ='Frame Calc'!D16 -> 9.3146966 | H20: =E20*G20 -> 37.258786 | I20: Computed (Frame Calc) | J20: VERIFY | K20: A bought tube is probably hollow and lighter. Weigh it when you buy. Screw into the arm hole 120 mm from centre.
D21: TOTAL of modelled parts | E21: =SUM(E5:E20) -> 34 | H21: =SUM(H5:H20) -> 1361.2497

Sheet Summary & Sim
A1: Mass summary and simulation inputs
A2: Blue = values read from SolidWorks (Evaluate > Mass Properties on drone_assembly). Black = calculated.
A4: Mass check | B4: Value | C4: Unit | D4: Comment
A5: Total of modelled parts (BOM sheet) | B5: =BOM!H21 -> 1361.2497 | C5: g | D5: Sum of qty x unit mass on the BOM sheet.
A6: SolidWorks total mass | B6: 1361.15 | C6: g | D6: From the Mass Properties window.
A7: Difference (BOM - SolidWorks) | B7: =B5-B6 -> 0.099709274 | C7: g | D7: Small difference is expected, since the plates, arms, tray and legs here are estimates.
A8: Difference as percent | B8: =B7/B6 -> 7.32537e-05 | C8: % | D8: Under about 2 percent is fine for simulation.
A9: Extras not in CAD (Buy Also sheet) | B9: ='Buy Also'!F14 -> 174 | C9: g | D9: Wiring, GPS, receiver, hardware.
A10: Estimated real take-off mass | B10: =B6+B9 -> 1535.15 | C10: g | D10: Use this for the simulation mass if you want a realistic build.
A11: Estimated real take-off mass | B11: =B10/1000 -> 1.53515 | C11: kg
A14: Centre of mass (SolidWorks axes) | B14: Value | C14: Unit | D14: Comment
A15: X (forward) | B15: 0.45 | C15: mm | D15: Almost exactly centred front to back.
A16: Y (vertical) | B16: 8.07 | C16: mm | D16: Height above the underside of the bottom plate (assembly origin).
A17: Z (sideways) | B17: 0 | C17: mm | D17: Centred left to right.
A20: Inertia at centre of mass | B20: SolidWorks (g*mm2) | C20: kg*m2 | D20: Goes into the ROS / Gazebo file as
A21: Lxx (about forward axis) | B21: 10207396 | C21: =B21/1000000000 -> 0.010207396 | D21: ixx
A22: Lzz (about sideways axis) | B22: 10833873 | C22: =B22/1000000000 -> 0.010833873 | D22: iyy
A23: Lyy (about vertical axis) | B23: 18846281 | C23: =B23/1000000000 -> 0.018846281 | D23: izz
A25: Axis note: SolidWorks uses Y as up, ROS/Gazebo use Z as up. So the vertical SolidWorks inertia (Lyy) becomes izz, and SolidWorks Lzz becomes iyy. Conversion: 1 g*mm2 = 1e-9 kg*m2. These numbers are for the CAD mass, not the estimated real mass.

Sheet Frame Calc
A1: Frame part masses computed from CAD dimensions
A2: Used for parts whose mass was NOT typed in as an override (plates, arms, standoffs, tray, legs, camera mount). Volumes are approximate (+/- a few grams in total).
A4: Material | B4: Density (g/mm3) | C4: Source
A5: Carbon Fiber Plate | B5: 0.0016 | C5: Custom SolidWorks material: 1600 kg/m3 (user-entered)
A6: ABS | B6: 0.00102 | C6: SolidWorks library ABS: 1020 kg/m3
A8: Part | B8: Material | C8: Volume (mm3) | D8: Mass (g) | E8: How the volume was computed
A9: bottom_plate | B9: Carbon Fiber Plate | C9: =(110*110-(4-PI())*10^2-20*PI()*1.6^2)*3 -> 35559.929 | D9: =C9*IF(B9="ABS",$B$6,$B$5) -> 56.895887 | E9: 110x110x3 plate, 10 mm corner fillets, 20 holes of r1.6
A10: clamp_plate | B10: Carbon Fiber Plate | C10: =(110*110-(4-PI())*10^2-16*PI()*1.6^2-PI()*10^2)*3 -> 34713.961 | D10: =C10*IF(B10="ABS",$B$6,$B$5) -> 55.542338 | E10: Same outline, 20 mm centre hole, about 16 small holes (approximate hole count)
A11: top_plate | B11: Carbon Fiber Plate | C11: =(110*110-(4-PI())*10^2-16*PI()*1.6^2-PI()*10^2)*3 -> 34713.961 | D11: =C11*IF(B11="ABS",$B$6,$B$5) -> 55.542338 | E11: Same as clamp_plate
A12: arm (one) | B12: Carbon Fiber Plate | C12: =(170*30+PI()*15^2-PI()*5^2-4*PI()*1.5^2-2*PI()*1.6^2-PI()*2.1^2)*4 -> 22680.419 | D12: =C12*IF(B12="ABS",$B$6,$B$5) -> 36.288671 | E12: Slot 200x30x4 minus motor hole r5, 4 motor screw holes r1.5, 2 plate bolt holes r1.6, 1 leg hole r2.1
A13: standoff 30 mm (one) | B13: ABS | C13: =PI()*(3.5^2-1.6^2)*30 -> 913.26098 | D13: =C13*IF(B13="ABS",$B$6,$B$5) -> 0.9315262 | E13: Tube OD7, ID3.2, length 30
A14: post 32 mm (one) | B14: ABS | C14: =PI()*(3.5^2-1.6^2)*32 -> 974.14505 | D14: =C14*IF(B14="ABS",$B$6,$B$5) -> 0.99362795 | E14: Tube OD7, ID3.2, length 32
A15: battery_tray | B15: Carbon Fiber Plate | C15: =(150*90-4*PI()*1.6^2)*3 -> 40403.49 | D15: =C15*IF(B15="ABS",$B$6,$B$5) -> 64.645584 | E15: 150x90x3 with 4 holes r1.6
A16: landing_leg (one) | B16: Carbon Fiber Plate | C16: =PI()*(5^2-2.1^2)*90 -> 5821.6853 | D16: =C16*IF(B16="ABS",$B$6,$B$5) -> 9.3146966 | E16: Tube OD10, hole d4.2, length 90
A17: camera_mount | B17: ABS | C17: =(PI()*7^2+9*30-PI()*7^2/2-PI()*3.6^2)*25 -> 7656.3495 | D17: =C17*IF(B17="ABS",$B$6,$B$5) -> 7.8094765 | E17: Collar r7 + wall 9x30 (minus overlap) minus bore r3.6, height 25

Sheet Buy Also
A1: Parts you still need for a real build (not modelled in CAD)
A2: Masses are typical estimates, not measured. Weigh the parts when you buy them. Blue = typed in.
A4: # | B4: Item | C4: Why it is needed | D4: Qty | E4: Est. unit mass (g) | F4: Est. total (g) | G4: Notes
A5: 1 | B5: Power module / power distribution board | C5: Powers the ESC and Pixhawk from the battery and reports voltage and current | D5: 1 | E5: 20 | F5: =D5*E5 -> 20 | G5: Match it to the 4S battery and the Pixhawk 6C Mini connector.
A6: 2 | B6: GPS + compass module | C6: Position hold, return-to-home, mission flying | D6: 1 | E6: 30 | F6: =D6*E6 -> 30 | G6: Needed for PX4 outdoor modes.
A7: 3 | B7: RC receiver + transmitter | C7: Manual control and a safety override | D7: 1 | E7: 8 | F7: =D7*E7 -> 8 | G7: Transmitter is not mounted on the drone. Pick a receiver that PX4 supports.
A8: 4 | B8: Jetson power supply cable | C8: Powers the Jetson from the battery (check NVIDIA's input voltage range) | D8: 1 | E8: 25 | F8: =D8*E8 -> 25 | G8: Do not connect the 4S battery straight to the Jetson without checking the voltage range and adding the right regulator.
A9: 5 | B9: UART / USB-serial cable (Jetson to Pixhawk TELEM2) | C9: Link between ROS 2 and PX4 | D9: 1 | E9: 10 | F9: =D9*E9 -> 10 | G9: Used with the Micro XRCE-DDS agent.
A10: 6 | B10: microSD card or NVMe SSD (64 GB or larger) | C10: Jetson storage | D10: 1 | E10: 1 | F10: =D10*E10 -> 1 | G10: The dev kit has no built-in storage.
A11: 7 | B11: M3 screws, nuts, washers | C11: Frame assembly | D11: 1 | E11: 30 | F11: =D11*E11 -> 30 | G11: Assorted M3 set; buy extra.
A12: 8 | B12: Motor and battery connectors, XT60, wires, heat shrink | C12: Wiring | D12: 1 | E12: 40 | F12: =D12*E12 -> 40 | G12: Rough estimate.
A13: 9 | B13: Battery strap + foam | C13: Holds the battery on the tray | D13: 1 | E13: 10 | F13: =D13*E13 -> 10
B14: TOTAL extras (g) | F14: =SUM(F5:F13) -> 174
